<?xml version="1.0" encoding="UTF-8"?>
<project-private xmlns="http://www.netbeans.org/ns/project-private/1">
    <editor-bookmarks xmlns="http://www.netbeans.org/ns/editor-bookmarks/2" lastBookmarkId="0"/>
    <open-files xmlns="http://www.netbeans.org/ns/projectui-open-files/2">
        <group>
            <file>file:/Users/northerncity/NetBeansProjects/NewProject1/src/newproject1/MovieIndex.java</file>
            <file>file:/Users/northerncity/NetBeansProjects/NewProject1/src/newproject1/CreateUser.java</file>
            <file>file:/Users/northerncity/NetBeansProjects/NewProject1/src/newproject1/UserPage.java</file>
            <file>file:/Users/northerncity/NetBeansProjects/NewProject1/src/newproject1/CreateTheater.java</file>
            <file>file:/Users/northerncity/NetBeansProjects/NewProject1/src/newproject1/CreateTicket.java</file>
            <file>file:/Users/northerncity/NetBeansProjects/NewProject1/src/newproject1/SeatIndex.java</file>
            <file>file:/Users/northerncity/NetBeansProjects/NewProject1/src/newproject1/SeatPage.java</file>
            <file>file:/Users/northerncity/NetBeansProjects/NewProject1/src/newproject1/NewProject1.java</file>
            <file>file:/Users/northerncity/NetBeansProjects/NewProject1/src/newproject1/LoginPage.java</file>
            <file>file:/Users/northerncity/NetBeansProjects/NewProject1/src/newproject1/CreateTime.java</file>
            <file>file:/Users/northerncity/NetBeansProjects/NewProject1/src/newproject1/TestDate.java</file>
            <file>file:/Users/northerncity/NetBeansProjects/NewProject1/src/newproject1/Database.java</file>
            <file>file:/Users/northerncity/NetBeansProjects/NewProject1/src/newproject1/TimeIndex.java</file>
            <file>file:/Users/northerncity/NetBeansProjects/NewProject1/src/newproject1/FirstPage.java</file>
            <file>file:/Users/northerncity/NetBeansProjects/NewProject1/src/newproject1/TheaterIndexPage.java</file>
            <file>file:/Users/northerncity/NetBeansProjects/NewProject1/src/newproject1/UserDashboard.java</file>
            <file>file:/Users/northerncity/NetBeansProjects/NewProject1/src/newproject1/CreateMovie.java</file>
            <file>file:/Users/northerncity/NetBeansProjects/NewProject1/src/newproject1/AdminDashboard.java</file>
            <file>file:/Users/northerncity/NetBeansProjects/NewProject1/src/newproject1/TicketIndex.java</file>
            <file>file:/Users/northerncity/NetBeansProjects/NewProject1/src/newproject1/CreateSeat.java</file>
        </group>
    </open-files>
</project-private>
